{
    "animation": [
        {
            "name": "Root",
            "time": [0.0, 0.1, 0.2, 0.3, 0.4],
            "transform": [
                [0.970215, -0.0, -0.242246, -5e-06, -0.242246, 0.0, -0.970215, -0.004957, 0.0, 1.0, -0.0, 0.452072, 0.0, 0.0, 0.0, 1.0],
                [0.801061, 0.571054, 0.17944, 0.641826, 0.339839, -0.187101, -0.921685, 0.016961, -0.492758, 0.799306, -0.343946, 0.556797, 0.0, 0.0, 0.0, 1.0],
                [0.683959, 0.360375, 0.634294, 1.5444, 0.657893, 0.071019, -0.749755, 0.014245, -0.31524, 0.9301, -0.188514, 0.629089, 0.0, 0.0, 0.0, 1.0],
                [0.811245, 0.087156, 0.578174, 2.534217, 0.580383, 0.0, -0.814344, -0.000281, -0.070975, 0.996195, -0.050584, 0.550125, 0.0, 0.0, 0.0, 1.0],
                [0.70119, -0.0, 0.712975, 2.999995, 0.712975, 0.0, -0.70119, -0.000281, 0.0, 1.0, 0.0, 0.490125, 0.0, 0.0, 0.0, 1.0]
            ]
        },
        {
            "name": "Thigh_R",
            "time": [0.0, 0.1, 0.2, 0.3, 0.4],
            "transform": [
                [0.980117, 0.197231, 0.021716, 0.124994, 0.011906, -0.167704, 0.985766, -0.002831, 0.198066, -0.965906, -0.166718, -1.2e-05, 0.0, 0.0, 0.0, 1.0],
                [0.984542, -0.051817, 0.167305, 0.124994, -0.133584, -0.839954, 0.525958, -0.002831, 0.113276, -0.540177, -0.833892, -1.2e-05, 0.0, 0.0, 0.0, 1.0],
                [0.925416, 0.019729, -0.378438, 0.124994, 0.342596, -0.470377, 0.813249, -0.002831, -0.161964, -0.882245, -0.442054, -1.2e-05, 0.0, 0.0, 0.0, 1.0],
                [0.976018, 0.173592, -0.131356, 0.124994, 0.212723, -0.888711, 0.406132, -0.002831, -0.046236, -0.424335, -0.904325, -1.2e-05, 0.0, 0.0, 0.0, 1.0],
                [0.984687, 0.173542, 0.016585, 0.124994, 0.167684, -0.96886, 0.182191, -0.00283, 0.047687, -0.17662, -0.983124, -1.1e-05, 0.0, 0.0, 0.0, 1.0]
            ]
        },
        {
            "name": "Leg_R",
            "time": [0.0, 0.1, 0.2, 0.3, 0.4],
            "transform": [
                [1.0, 3.5e-05, 3.1e-05, -0.0, -3.8e-05, 0.191989, 0.981397, 0.374854, 2.9e-05, -0.981397, 0.191989, 0.0, 0.0, 0.0, 0.0, 1.0],
                [1.0, 3e-05, 1.9e-05, -0.0, -3.2e-05, 0.532995, 0.846119, 0.374854, 1.5e-05, -0.846119, 0.532995, 0.0, 0.0, 0.0, 0.0, 1.0],
                [1.0, 3.3e-05, 5.2e-05, -0.0, -3.5e-05, -0.379307, 0.925271, 0.374854, 5e-05, -0.925271, -0.379307, 0.0, 0.0, 0.0, 0.0, 1.0],
                [1.0, 3.6e-05, 3.5e-05, 0.0, -3.8e-05, 0.098086, 0.995178, 0.374854, 3.2e-05, -0.995178, 0.098086, -0.0, 0.0, 0.0, 0.0, 1.0],
                [1.0, 3.5e-05, 3.3e-05, 0.0, -3.8e-05, 0.145443, 0.989367, 0.374854, 3e-05, -0.989367, 0.145443, 0.0, 0.0, 0.0, 0.0, 1.0]
            ]
        },
        {
            "name": "Knee_R",
            "time": [0.0, 0.1, 0.2, 0.3, 0.4],
            "transform": [
                [1.0, 2.6e-05, 8e-06, -0.0, -1.1e-05, 0.635927, -0.77175, 0.374854, -2.5e-05, 0.77175, 0.635927, 0.0, 0.0, 0.0, 0.0, 1.0],
                [1.0, 2e-05, 3e-06, -0.0, -7e-06, 0.483575, -0.875303, 0.374854, -1.9e-05, 0.875303, 0.483575, 0.0, 0.0, 0.0, 0.0, 1.0],
                [1.0, 3.4e-05, 1.6e-05, 0.0, -1.9e-05, 0.830679, -0.556752, 0.374854, -3.3e-05, 0.556752, 0.830679, -0.0, 0.0, 0.0, 0.0, 1.0],
                [1.0, 2.8e-05, 9e-06, -0.0, -1.2e-05, 0.671833, -0.740703, 0.374854, -2.7e-05, 0.740703, 0.671833, -0.0, 0.0, 0.0, 0.0, 1.0],
                [1.0, 2.7e-05, 8e-06, 0.0, -1.2e-05, 0.653972, -0.756519, 0.374854, -2.6e-05, 0.756519, 0.653972, -0.0, 0.0, 0.0, 0.0, 1.0]
            ]
        },
        {
            "name": "Thigh_L",
            "time": [0.0, 0.1, 0.2, 0.3, 0.4],
            "transform": [
                [0.997743, -0.047674, 0.047277, -0.125006, -0.060517, -0.943535, 0.325698, -0.002831, 0.02908, -0.327824, -0.944291, -1.2e-05, 0.0, 0.0, 0.0, 1.0],
                [0.993752, -0.093294, -0.061258, -0.125006, -0.095772, -0.994644, -0.038847, -0.002831, -0.057306, 0.044471, -0.997365, -1.2e-05, 0.0, 0.0, 0.0, 1.0],
                [0.98477, -0.104244, -0.139146, -0.125006, -0.004656, -0.815846, 0.578251, -0.002831, -0.173801, -0.568796, -0.803906, -1.2e-05, 0.0, 0.0, 0.0, 1.0],
                [0.931546, -0.283824, -0.227302, -0.125006, 0.169667, -0.213612, 0.962073, -0.002831, -0.321613, -0.93478, -0.150834, -1.2e-05, 0.0, 0.0, 0.0, 1.0],
                [0.975467, -0.152227, 0.159031, -0.125006, -0.20033, -0.314278, 0.927953, -0.00283, -0.09128, -0.937047, -0.337063, -1.2e-05, 0.0, 0.0, 0.0, 1.0]
            ]
        },
        {
            "name": "Leg_L",
            "time": [0.0, 0.1, 0.2, 0.3, 0.4],
            "transform": [
                [1.0, 1.1e-05, 1.3e-05, 0.0, -1.2e-05, -0.081936, 0.996637, 0.374854, 1.2e-05, -0.996638, -0.081935, -0.0, 0.0, 0.0, 0.0, 1.0],
                [1.0, 0.0, 1e-06, 0.0, 0.0, 0.998619, 0.05253, 0.374854, -1e-06, -0.05253, 0.998619, 0.0, 0.0, 0.0, 0.0, 1.0],
                [1.0, 1.1e-05, 1e-05, 0.0, -1.2e-05, 0.175492, 0.98448, 0.374854, 9e-06, -0.984481, 0.175492, -0.0, 0.0, 0.0, 0.0, 1.0],
                [1.0, 1.1e-05, 1.3e-05, 0.0, -1.2e-05, -0.085768, 0.996315, 0.374854, 1.2e-05, -0.996315, -0.085768, -0.0, 0.0, 0.0, 0.0, 1.0],
                [1.0, 9e-06, 6e-06, 0.0, -1e-05, 0.520626, 0.853784, 0.374853, 5e-06, -0.853785, 0.520626, -0.0, 0.0, 0.0, 0.0, 1.0]
            ]
        },
        {
            "name": "Knee_L",
            "time": [0.0, 0.1, 0.2, 0.3, 0.4],
            "transform": [
                [1.0, 9e-06, 3e-06, 0.0, -5e-06, 0.735779, -0.677222, 0.374854, -9e-06, 0.677222, 0.735779, -0.0, 0.0, 0.0, 0.0, 1.0],
                [1.0, 0.0, -1e-06, 0.0, -1e-06, 0.026678, -0.999644, 0.374854, -0.0, 0.999644, 0.026678, 0.0, 0.0, 0.0, 0.0, 1.0],
                [1.0, 8e-06, 2e-06, 0.0, -4e-06, 0.64238, -0.766386, 0.374854, -8e-06, 0.766386, 0.64238, 0.0, 0.0, 0.0, 0.0, 1.0],
                [1.0, 9e-06, 3e-06, -0.0, -5e-06, 0.73708, -0.675806, 0.374854, -9e-06, 0.675805, 0.73708, 0.0, 0.0, 0.0, 0.0, 1.0],
                [1.0, 6e-06, 1e-06, 0.0, -2e-06, 0.489931, -0.871761, 0.374853, -6e-06, 0.871762, 0.489931, 0.0, 0.0, 0.0, 0.0, 1.0]
            ]
        },
        {
            "name": "Torso",
            "time": [0.0, 0.1, 0.2, 0.3, 0.4],
            "transform": [
                [0.996749, 0.080447, -0.004587, -0.0, -0.080181, 0.995874, 0.042503, 0.05, 0.007987, -0.041997, 0.999086, -0.0, 0.0, 0.0, 0.0, 1.0],
                [0.99965, 0.025274, 0.007754, -0.0, -0.026154, 0.988257, 0.150545, 0.05, -0.003858, -0.150695, 0.988572, 0.0, 0.0, 0.0, 0.0, 1.0],
                [0.981535, -0.064162, -0.180202, -0.0, 0.067352, 0.997662, 0.011632, 0.05, 0.179034, -0.023555, 0.983561, -0.0, 0.0, 0.0, 0.0, 1.0],
                [0.997445, 0.05348, -0.047357, -0.0, -0.050071, 0.996257, 0.070463, 0.05, 0.050948, -0.067912, 0.99639, -0.0, 0.0, 0.0, 0.0, 1.0],
                [0.997988, 0.039934, -0.049233, -0.0, -0.034718, 0.994116, 0.102609, 0.05, 0.053041, -0.100693, 0.993503, 0.0, 0.0, 0.0, 0.0, 1.0]
            ]
        },
        {
            "name": "Chest",
            "time": [0.0, 0.1, 0.2, 0.3, 0.4],
            "transform": [
                [0.993299, 0.097967, 0.061319, -0.0, -0.115203, 0.796754, 0.593222, 0.35, 0.00926, -0.596311, 0.802701, -0.0, 0.0, 0.0, 0.0, 1.0],
                [0.993184, -0.114733, 0.020568, -0.0, 0.101886, 0.940227, 0.324951, 0.35, -0.056621, -0.320641, 0.945507, -0.0, 0.0, 0.0, 0.0, 1.0],
                [0.989134, -0.133184, 0.062265, -0.0, 0.093956, 0.89838, 0.429053, 0.35, -0.11308, -0.418541, 0.90113, 0.0, 0.0, 0.0, 0.0, 1.0],
                [0.924136, -0.375568, 0.070153, -0.0, 0.226809, 0.687038, 0.690316, 0.35, -0.307459, -0.622034, 0.720099, -0.0, 0.0, 0.0, 0.0, 1.0],
                [0.944049, -0.289438, 0.158104, 0.0, 0.185533, 0.862415, 0.470977, 0.35, -0.272669, -0.415292, 0.867862, -0.0, 0.0, 0.0, 0.0, 1.0]
            ]
        },
        {
            "name": "Head",
            "time": [0.0, 0.1, 0.2, 0.3, 0.4],