{
    "animation": [
        {
            "name": "Root",
            "time": [0.0, 0.1, 0.2, 0.3, 0.7, 1.0, 1.3],
            "transform": [
                [0.565608, 0.010761, 0.824604, -5e-06, 0.804614, 0.212004, -0.554662, 0.000946, -0.180788, 0.977209, 0.111253, 0.636966, 0.0, 0.0, 0.0, 1.0],
                [0.43602, -0.025954, 0.899563, -5e-06, 0.868955, 0.272167, -0.413331, 0.337742, -0.234104, 0.9619, 0.141223, 0.514973, 0.0, 0.0, 0.0, 1.0],
                [0.410835, 9.6e-05, 0.91171, -4.4e-05, 0.891038, 0.211698, -0.401542, 0.579218, -0.193046, 0.977335, 0.086887, 0.595125, 0.0, 0.0, 0.0, 1.0],
                [0.792408, -0.035251, -0.608972, -0.031725, -0.598487, 0.148045, -0.787334, 1.230699, 0.11791, 0.988352, 0.096214, 0.636612, 0.0, 0.0, 0.0, 1.0],
                [0.349979, -0.052495, -0.935286, -8.4e-05, -0.9235, 0.148045, -0.353878, 1.300091, 0.157041, 0.987586, 0.003333, 0.675277, 0.0, 0.0, 0.0, 1.0],
                [0.031773, -0.01885, -0.999317, -3.1e-05, -0.997018, 0.069755, -0.033016, 1.303646, 0.07033, 0.997386, -0.016578, 0.709135, 0.0, 0.0, 0.0, 1.0],
                [0.662953, -0.000195, -0.748661, 2.2e-05, -0.748558, 0.016457, -0.662865, 1.513349, 0.01245, 0.999865, 0.010764, 0.742994, 0.0, 0.0, 0.0, 1.0]
            ]
        },
        {
            "name": "Thigh_R",
            "time": [0.0, 0.1, 0.3, 0.7, 1.3],
            "transform": [
                [0.688878, 0.716186, -0.111897, 0.124994, 0.523349, -0.38459, 0.76039, -0.00283, 0.501547, -0.582378, -0.639752, -1.2e-05, 0.0, 0.0, 0.0, 1.0],
                [0.941436, 0.337179, -0.00322, 0.120155, 0.220015, -0.607008, 0.763633, -0.008274, 0.255526, -0.719619, -0.645643, 0.018615, 0.0, 0.0, 0.0, 1.0],
                [0.964447, 0.203294, 0.168863, 0.124026, 0.216922, -0.973927, -0.066424, -0.003919, 0.150956, 0.100692, -0.9834, 0.003713, 0.0, 0.0, 0.0, 1.0],
                [0.964447, 0.203294, 0.168863, 0.124026, 0.216922, -0.973927, -0.066424, -0.003919, 0.150956, 0.100692, -0.9834, 0.003713, 0.0, 0.0, 0.0, 1.0],
                [0.893808, 0.2445, 0.375934, 0.124994, 0.156217, -0.955545, 0.250053, -0.00283, 0.42036, -0.164772, -0.892271, -1.2e-05, 0.0, 0.0, 0.0, 1.0]
            ]
        },
        {
            "name": "Leg_R",
            "time": [0.0, 0.1, 0.3, 0.7, 1.3],
            "transform": [
                [0.992883, 0.095879, -0.070655, 0.0, 0.038237, 0.305225, 0.951514, 0.37472, 0.112795, -0.947442, 0.299386, 0.0, 0.0, 0.0, 0.0, 1.0],
                [0.991741, 0.126837, -0.01897, -0.0, 0.008651, 0.081418, 0.996642, 0.37472, 0.127955, -0.988577, 0.079648, -0.0, 0.0, 0.0, 0.0, 1.0],
                [0.999962, -0.007315, -0.004751, 0.0, 0.008723, 0.838436, 0.54493, 0.37472, -3e-06, -0.54495, 0.838468, -0.0, 0.0, 0.0, 0.0, 1.0],
                [0.999962, -0.007315, -0.004751, 0.0, 0.008723, 0.838436, 0.54493, 0.37472, -3e-06, -0.544949, 0.838468, -0.0, 0.0, 0.0, 0.0, 1.0],
                [0.999963, -0.008387, -0.002396, 0.0, 0.008723, 0.961411, 0.274989, 0.37472, -2e-06, -0.274999, 0.961443, -0.0, 0.0, 0.0, 0.0, 1.0]
            ]
        },
        {
            "name": "Knee_R",
            "time": [0.0, 0.1, 0.3, 0.7, 1.3],
            "transform": [
                [0.998029, 0.036453, -0.051084, 0.0, -0.062753, 0.588562, -0.806013, 0.37472, 0.000684, 0.807629, 0.58969, 0.0, 0.0, 0.0, 0.0, 1.0],
                [0.997618, 0.059817, -0.034356, -0.0, -0.065791, 0.67535, -0.734557, 0.37472, -0.020737, 0.735067, 0.677677, -0.0, 0.0, 0.0, 0.0, 1.0],
                [0.99999, -0.004, -0.00185, 0.0, -0.000637, 0.284195, -0.958766, 0.37472, 0.004361, 0.958758, 0.284189, -0.0, 0.0, 0.0, 0.0, 1.0],
                [0.99999, -0.004, -0.00185, -0.0, -0.000637, 0.284195, -0.958766, 0.37472, 0.004362, 0.958758, 0.284189, 0.0, 0.0, 0.0, 0.0, 1.0],
                [0.999991, -0.004276, -0.000911, 0.0, -0.000309, 0.138846, -0.990314, 0.37472, 0.004362, 0.990305, 0.138843, -0.0, 0.0, 0.0, 0.0, 1.0]
            ]
        },
        {
            "name": "Thigh_L",
            "time": [0.0, 0.1, 0.3, 0.7, 1.3],
            "transform": [
                [0.881447, -0.334995, 0.332909, -0.137632, -0.468886, -0.70511, 0.531944, -0.007071, 0.056539, -0.624977, -0.778592, 0.014908, 0.0, 0.0, 0.0, 1.0],
                [0.956599, -0.062766, 0.284568, -0.125006, -0.231209, -0.757862, 0.610071, -0.00283, 0.177372, -0.649387, -0.739483, -1.2e-05, 0.0, 0.0, 0.0, 1.0],
                [0.964237, -0.16936, 0.203879, -0.13109, -0.265045, -0.620568, 0.737989, -0.002806, 0.001535, -0.765632, -0.643261, 0.002101, 0.0, 0.0, 0.0, 1.0],
                [0.964237, -0.16936, 0.203879, -0.13109, -0.265045, -0.620568, 0.737989, -0.002806, 0.001535, -0.765632, -0.643261, 0.002101, 0.0, 0.0, 0.0, 1.0],
                [0.724952, -0.233361, -0.648064, -0.125006, -0.015732, -0.946225, 0.323126, -0.002831, -0.688619, -0.224056, -0.689639, -1.2e-05, 0.0, 0.0, 0.0, 1.0]
            ]
        },
        {
            "name": "Leg_L",
            "time": [0.0, 0.1, 0.3, 0.7, 1.3],
            "transform": [
                [0.994334, 0.06749, 0.082148, 0.0, -0.105337, 0.520684, 0.847226, 0.37472, 0.014406, -0.851077, 0.524842, -0.0, 0.0, 0.0, 0.0, 1.0],
                [0.999211, -0.028761, 0.027394, -0.0, -0.014046, 0.38925, 0.921025, 0.37472, -0.037153, -0.920683, 0.388539, 0.0, 0.0, 0.0, 0.0, 1.0],
                [0.999997, 0.0, 2e-06, -0.0, -1e-06, 0.761974, 0.647623, 0.37472, -1e-06, -0.647623, 0.761974, -0.0, 0.0, 0.0, 0.0, 1.0],
                [0.999997, 0.0, 2e-06, -0.0, -1e-06, 0.761974, 0.647623, 0.37472, -1e-06, -0.647623, 0.761974, 0.0, 0.0, 0.0, 0.0, 1.0],
                [1.000001, 0.0, 1e-06, -0.0, -1e-06, 0.945214, 0.326449, 0.37472, -1e-06, -0.326449, 0.945215, -0.0, 0.0, 0.0, 0.0, 1.0]
            ]
        },
        {
            "name": "Knee_L",
            "time": [0.0, 0.1, 0.3, 0.7, 1.3],
            "transform": [
                [0.998486, 0.044509, 0.032321, -0.0, 0.006528, 0.487549, -0.873071, 0.37472, -0.054617, 0.871961, 0.48652, -0.0, 0.0, 0.0, 0.0, 1.0],
                [0.999785, -0.010252, 0.018034, -0.0, 0.020696, 0.552544, -0.833227, 0.37472, -0.001422, 0.83342, 0.552637, -0.0, 0.0, 0.0, 0.0, 1.0],
                [1.0, 1e-06, -1e-06, -0.0, -1e-06, 0.344989, -0.938606, 0.37472, -0.0, 0.938607, 0.344989, -0.0, 0.0, 0.0, 0.0, 1.0],
                [1.0, 1e-06, -1e-06, -0.0, -1e-06, 0.34499, -0.938607, 0.37472, -0.0, 0.938607, 0.344989, 0.0, 0.0, 0.0, 0.0, 1.0],
                [1.0, 0.0, -1e-06, -0.0, -1e-06, 0.165509, -0.986209, 0.37472, -0.0, 0.986209, 0.165509, -0.0, 0.0, 0.0, 0.0, 1.0]
            ]
        },
        {
            "name": "Torso",
            "time": [0.0, 0.1, 0.2, 0.3, 0.7, 1.3],
            "transform": [
                [0.993689, 0.112123, -0.003372, -0.0, -0.112173, 0.99324, -0.029868, 0.05, 0.0, 0.030058, 0.999548, 0.0, 0.0, 0.0, 0.0, 1.0],
                [0.992292, 0.123031, -0.014835, 0.0, -0.123923, 0.985157, -0.118783, 0.05, 0.0, 0.119706, 0.99281, -0.0, 0.0, 0.0, 0.0, 1.0],
                [0.999813, 0.019312, -6.4e-05, -0.0, -0.019312, 0.999808, -0.003292, 0.05, 0.0, 0.003293, 0.999995, -0.0, 0.0, 0.0, 0.0, 1.0],
                [0.996923, -0.077942, -0.008365, 0.0, 0.078389, 0.991231, 0.106378, 0.05, 1e-06, -0.106706, 0.994291, -0.0, 0.0, 0.0, 0.0, 1.0],
                [0.995415, -0.095484, -0.005679, 0.0, 0.095653, 0.99366, 0.059092, 0.05, 1e-06, -0.059364, 0.998236, -0.0, 0.0, 0.0, 0.0, 1.0],
                [1.0, 0.0, -0.0, -0.0, -0.0, 1.0, -0.0, 0.05, 1e-06, 0.0, 1.0, -0.0, 0.0, 0.0, 0.0, 1.0]
            ]
        },
        {
            "name": "Chest",
            "time": [0.0, 0.1, 0.2, 0.3, 0.7, 1.3],